{"cameraMode":{"drawMode":0,"name":"Shaded","section":"Shading Mode"},"sceneLighting":true,"audioPlay":false,"sceneViewState":{"m_AlwaysRefresh":false,"showFog":true,"showSkybox":true,"showFlares":true,"showImageEffects":true,"showParticleSystems":true,"showVisualEffectGraphs":true,"m_FxEnabled":true},"in2DMode":false,"pivot":{"x":0.24163232743740083,"y":3.4233286380767824,"z":-2.491982936859131},"rotation":{"x":0.09288928657770157,"y":0.0121504757553339,"z":-0.0005819706129841507,"w":0.9957901835441589},"size":2.910484790802002,"orthographic":false}