{"cameraMode":{"drawMode":0,"name":"Shaded","section":"Shading Mode"},"sceneLighting":true,"audioPlay":false,"sceneViewState":{"m_AlwaysRefresh":false,"showFog":true,"showSkybox":true,"showFlares":true,"showImageEffects":true,"showParticleSystems":true,"showVisualEffectGraphs":true,"m_FxEnabled":true},"in2DMode":false,"pivot":{"x":158.21478271484376,"y":0.7453907132148743,"z":44.1322135925293},"rotation":{"x":-0.00047330744564533234,"y":-0.6093438267707825,"z":0.00036577932769432664,"w":-0.7929505705833435},"size":83.24797821044922,"orthographic":false}